Product Name,ID,Description,Part Number,Price
ERG-33-397-085,1001cee2-12d6-dabd-0765-54aec2451f45,"WorkFit-T, Sit-Stand Desktop Workstation (black)",33-397-085,$590.00 
ERG-61-367-030,11bd2dfd-f754-a5d2-c45d-5e5eaf825641,CareFit Enclosure (snow white) Wall-mount computer cabinet with sit to stand height adjustability.,61-367-030,"$1,233.00 "
ERG-45-478-026,11ca3cd7-405c-38ca-42c4-58d43d63d597,HX Wall Mount Monitor Arm (Polished Aluminum),45-478-026,$325.00 
ERG-24-313-026,120c6e18-bd67-4b6b-ff5a-53ee6dd096f9,"WorkFit-A, Single LD",24-313-026,$409.00 
ERG-60-610-062,13196af5-5189-69ef-d247-528634d65620,"StyleView Sit-Stand Enclosure (bright white), provides 20 inches of height adjustment, folds into a slim, compact unit only 3.8 inches deep.  Maximum device dimensions: 11W x 11H x 2.6D.  Maximum monitor dimensions: 20.5W x 13.5H x 2.5D.",60-610-062,"$1,112.00 "
ERG-98-017,1381e37e-fc5d-9bff-0a59-5d5bff0bc399,"LX Arm Grommet Mount for WorkFit-T, WorkFit-TL, WorkFit-TLE",,$17.00 
ERG-97-617,13da8a79-68bf-2266-f7d8-528634ffe3b0,WorkFit Convert-to-LCD & Laptop Kit from Dual Displays,97-617,$62.00 
ERG-47-058-200,145835fc-1b3c-a6da-076d-528634334437,"Pivot Assembly, Single Pivot with P/L and 1.5"" Diameter Pole Mount Clamp: Black.",47-058-200,$93.00 
ERG-20-076-100,14c06dba-d5af-da7a-9757-5f6dfccf17ff,"Command Post kiosk system 3""x3""x80"" steel post, mounts to floor or ceiling.",20-076-100,$220.00 
ERG-24-383-026,151206a4-7b6a-07da-770f-536bad7c7323,"WorkFit-P- Sit-Stand Workstation platform, 15 lbs weight capacity, 20"" height adjustment range.",24-383-026,$265.00 
ERG-98-353-921,157276b9-b9ee-bb65-0d18-5d8a2dbd02ea,"WorkFit Electric Sit-Stand Desk, 46""W (black/grey)",,$949.00 
ERG-97-487-800,16cf84b4-d457-fa14-eb27-5286345540c1,Vertical Lift Auto-Retracting Keyboard Kit,97-487-800,$131.00 
ERG-SV43-1120-0,1748d341-005b-8629-e732-5c94dd4350fc,"StyleView Laptop Cart, Non-Powered, 2 Drawers (1 x 2)",SV43-1120-0,"$2,216.00 "
ERG-C50-1100-0,17810ac0-25e4-192b-ccb7-5e8645711bb2,Carefit Slim Laptop Cart,,$800.00 
ERG-YES24GMPW4,180e2ad5-be27-5485-80ba-5baa567f29ed,"YES24 Charging Cart for (24) Mini-laptops and Chromebooks with screens up to 13.3in.  Equipped with PowerShuttle technology, YES24 charges up to 40% faster than standard charging systems (intelligent power mgmt, not power strip or timer), one 14ft power cord.",YES24GMPW4,"$1,253.00 "
ERG-EPM3616SM/MP,18c1efb7-1c76-3ddc-fc90-56151a62da93,"eNook Pro Wall Desk with enclosed monitor mount, Maple Finish.",EPM3616SM/MP,"$1,199.00 "
ERG-47-092-800,18e7d963-89f6-5d29-a3b9-52863488480d,100 Series Single Pivot for VESA 100mm or 75mm Flat Panel (Grey or Black),47-092-800,$70.00 
ERG-80-063-200,195ae7fa-9dd0-1500-9998-528634272b03,Vertical Small CPU Holder (black) CPU Size Range: 1-3/8IN to 3-3/4IN wide.,80-063-200,$62.00 
ERG-90-011,19e49693-2403-f90a-73e8-5be300cfd896,Anchor Hardware Kit for Wall Track,ERG-90-011,$33.00 
ERG-97-563-062,1a6da08b-df44-71a2-c9e1-5d95de8d0f20,Cable management kit (white),,$34.00 
ERG-90-018,1b4bbfad-fa7f-8d33-13eb-52863490ba7d,Concrete anchor kit for Command Post.,90-018,$26.00 
ERG-45-248-026,1b5e7364-ed24-2ed5-b205-528634d1148f,LX Dual Stacking Arms desk mount clamp or grommet mount. (Polished Aluminum),45-248-026,$379.00 
ERG-97-933-085,1cf3f6a3-7e91-b3b3-e718-5e38915f8aa8,WorkFit LCD and laptop kit. ,97-933-085,$164.00 
ERG-DM12-1012-1,1cf41ad2-e6c4-cdc1-1fbf-5640f42fe2ca,Zip 12 Universal Charging Desktop Cabinet,DM12-1012-1,$769.00 
ERG-45-551-216,1d542ceb-daa5-4954-971b-5e6fcd05f5ec,"LX Wall Mount System without CPU mount (white) - Includes LX monitor and keyboard arms, white wall track, 2 cable management channels, and track mount brackets.",45-551-216,$897.00 
ERG-YES36-CHR-1,1d8eef97-9514-064a-ee8c-607f1db4e571,YES36 Adjusta Charging Cart,,"$1,599.00 "
ERG-98-467,1dba670d-426f-962c-ed2f-602483d9f126,"Side-Mount Scanner Holder, Slim 2.0",98-467,$42.00 
ERG- SV42-6201,1ecd1aff-be73-161e-ead1-52863459ce74,SV42 StyleView Cart with LCD Arm and 66 Ah SLA Power System.,SV42-6201-1,"$3,077.00 "
ERG-45-476-026,1efcf49e-16ff-b71b-8ecd-5e626c941c1b,"HX desk mount dual monitor arm (polished aluminum), includes arm, extension, hinge bow, (2) monitor pivots, handle, desk clamp and grommet mount, for individual monitor 5 – 17.5 lbs.; max weight of two 35 lbs., max extension reach 24.5"" from back of base to VESA mounting plate.",45-476-026,$581.00 
ERG-SV44-53E1-1,1f9edfdf-b60f-383c-f3fe-5eb1c19ea3f8,"StyleView Telepresence Cart, Single Monitor, Powered (66Ah SLA Battery System.) Includes monitor mounted camera shelf, auto-lock drawer system with primary upper drawer/ large lower drawer/ drawer dividers, 4 outlet med grade power strip, rear handle and basket.",SV44-53E1-1,"$4,652.00 "
ERG-33-326-085,201a8e3e-8e36-92f6-f069-62057de6c5d2,"Neo-Flex® All-In-One Lift Stand - Monitor stand with CPU and cables management compartment, attached with adjustable strap.",33-326-085,$106.00 
ERG-33-444-921,2077dc1e-7adb-5205-3687-5b219c18c7be,"WorkFit-TLE, Sit-Stand Desktop Workstation with Drop Down Keyboard Tray. Main work surface dimensions of 37.4IN by 23IN and keyboard tray of 35IN by 8IN.",33-444-921,$479.00 
ERG-45-403-062,2131a499-7947-d01d-fbd4-591b566e1043,Neo-Flex Keyboard Wall Mount (White),45-403-062,$465.00 
ERG-687BK,21320847-b29d-b129-0947-5df7b3fcf2aa,"Swing Out Mouse Shelf - Installs under the worksurface to allow space for a mouse, swings under when not in use. Must be installed using wood screws into the under side of the surface.",687BK,$52.00 
ERG-45-583-216,215ceabd-f8c9-ac03-1600-5efa397524ed,Ergotron StyleView Sit-Stand Combo Arm with worksurface & pan feature (white),45-583-216,"$1,028.00 "
ERG-45-403-062,221701aa-d49d-ce2d-075a-53f4be975cfa,Neo-Flex Keyboard Wall Mount - Includes slide-out / pan / fold up keyboard tray and 10 inch wall track.,45-403-062,$457.00 
ERG-33-406-062,231feab1-1c44-d016-f3c5-5c23bfb839e2,WorkFit TL Sit Stand desktop work station. White,,$489.00 
ERG-60-612,236e5fd1-5b1d-be5c-ba27-52863456eac9,"Neo-Flex Tilting Wall Mount, UHD. For displays 37 – 80 inches up to 175 lbs.",60-612,$133.00 
ERG-45-260-216,2498adb8-4791-3a68-4955-5616cfc8a6b0,StyleView Sit-Stand Combo Arm w/ Worksurface (white),45-260-216,$894.00 
ERG-45-475-216,257c4260-bad5-fb17-c074-5d8d1b3ae71b,HX Desk monitor arm (white),45-475-216,$359.00 
ERG-509-941-085,26760210-3461-7ffe-c841-626bef0cf3cc,Replacement Mouse and Scanner Bracket for Sit-Stand Combo arm (black),509-941-085-00,$10.00 
ERG-45-486-216,280ce528-8911-96f2-3bf0-5e0f62a1e6ce,MXV desk mount single monitor arm (white.)  For monitor 7 to 20 lbs.,45-486-216,$218.00 
Erg-508-427-062,28241150-955c-c01a-5d9d-608ff31c989e,Sit Stand scanner holder - White,508-427-062-00,$7.50 
ERG-60-366-100,28df214c-97d1-a600-5c4d-528634f4e675,Light arm bracket for Command Post.,60-366-100,$115.00 
ERG-06-030,294f97e5-e017-f377-de6a-61eedd560808,LiFe Power Module,,$675.00 
ERG-98-424-060,29745e77-5fd7-491d-6d5f-618bdec27da6,CareFit Enclosure Horizontal Scanner Bracket (matte black.) Attaches to side channel on CF enclosures only.,98-424-060,$85.00 
ERG-33-349-200,2af7a70b-ab49-0cbd-6234-528634c74b59,"WorkFit-S, Dual Monitor with Worksurface (25lbs capacity)",33-349-200,$599.00 
ERG-60-156,2b50f0f8-c27f-57e9-a4eb-528634c29c0c,Track Mount Bracket Kit for CPU Holder,60-156,$29.00 
ERG-60-610-060,2c610419-08e4-8ec5-6477-528634d30052,"StyleView Sit-Stand Enclosure (charcoal black), provides 20 inches of height adjustment, folds into a slim, compact unit only 3.8 inches deep. Maximum device dimensions: 11W x 11H x 2.6D. Maximum monitor dimensions: 20.5W x 13.5H x 2.5D.",60-610-060,"$1,112.00 "
ERG-45-478-216,2d700fa9-423c-15c5-5893-58d42b834039,HX Wall Mount Monitor Arm (White),45-478-216,$325.00 
ERG-97-545,2d810de1-6d96-a4be-5263-528634544caf,Neo-Flex basket and handle kit,97-545,$41.00 
ERG-45-270-216,2e64db28-3eea-d781-7223-5616d2ef7287,StyleView Sit-Stand Combo Arm System w/ Worksurface (white) w/ Medium CPU Holder,45-270-216,$957.00 
ERG-45-306-101,2ea6b993-d953-4fe1-ad86-5952696dab8c,Ergotron Neo-Flex Surface Mount Tablet Arm,45-306-101,$124.00 
ERG-102-28G,3136d127-d042-fd3a-54dc-528634d1988f,"DS100 with 28"" pole, grommet mount base, 1 double pivot, 1 single pivot monitor mount.",,$373.00 
ERG-61-367-060,33c4e6fd-243f-0a3a-8ccb-60423ea6a7d0,CareFit Enclosure (Black) Wall-mount computer cabinet with sit to stand height adjustability.,61-367-060,"$1,233.00 "
ERG-45-253-026,33d7a7b2-8cf8-fb70-c636-528634af7c96,LX Wall Mount System with Small CPU Holder.,45-253-026,$819.00 
ERG-45-385-223,34208d2c-b458-f5a9-dad8-560c7afa08ee,"Neo-Flex Cantilever Wall Mount, VHD Very Heavy Duty, low-profile full motion mount fits monitors and TVs up to 80 lbs., maximum extension of 14 inches ",45-385-223,$173.00 
ERG-33-468-921,348c9b7e-3199-c0fc-bbff-5bd71029a4b0,WorkFit Corner sit-stand desk workstation (black),33-468-921,$489.00 
ERG-97-507-216,35002af6-11ad-2c34-97ca-5286349ed103,Utility Shelf - 12in wide x 8in deep (white),97-507-216,$93.00 
ERG-60-271-009,3527fb5f-3e09-bda6-f493-52863449afd8,"Slatwall bracket for LX, MX, 100 & 200 series.  Compatible with Woodtronics, Knoll, Infra-structure, Evans, Eurocraft, Teknion, Steelcase, EDP, CBA, Kimball & Innovant.",60-271-009,$204.00 
ERG-97-605,35ad3582-3d1d-1add-75c0-54aea8fc83d8,WorkFit Conversion Kit: Single HD to LCD & Laptop,97-605,$82.00 
ERG-98-009-216,377ba5b9-4759-b81d-d48f-5d8d1b623a9f,HX Triple Monitor Bow Kit (White),98-009-216,$328.00 
ERG-97-581-019,37dc70b1-9e14-f689-3158-529dfd285d1f,"Worksurface for WorkFit-S, Black",97-581-019,$95.00 
ERG-45-437-026,37dcb94d-afd6-e316-1a9a-5fc02f95cf88,MX Mini Wall Arm (polished aluminum),45-437-026,$204.00 
ERG-31-018-182,37f4589e-7b53-a4ee-01fe-528634469191,34 inch aluminum wall track (silver track / black covers),31-018-182,$133.00 
ERG-98-149-A68,384d0ee7-b0e3-e514-398c-599e273c7194,"Brick Baskets for YES Basic, set of 2.",98-149-A68,$59.00 
ERG-98-135-216,385a2907-94b9-1a9f-dfba-5d8a6d47c20e,"SV Wire Basket, Large For StyleView Carts and eTable with T Slot Bracket for Rear Column Attachment.",,$79.00 
ERG-60-609-195,3879077f-1ae6-b010-fc98-5f58e2d3bca2,"StyleView Vertical Lift, Patient Room (Slide-out/Pan Keyboard Tray) (black) ",,$686.00 
ERG-97-507-216,388d4642-68ea-9fbd-977e-528634fe3a7c,Utility Shelf,97-507-216,$93.00 
ERG-45-405-026,390cc36f-c1f8-61da-90a4-5d6ff0edf508,WorkFit-LX Sit-Stand Desk Mount System (polished aluminum),45-405-026,$842.00 
ERG-45-271-026,399e0d59-3f8b-9e9e-913b-5286345e6bec,StyleView Sit-Stand Combo Arm System (polished aluminum with black trim) w/ Medium Silver CPU Holder (Accommodates CPU from 3 3/8IN to 8IN wide.) Includes 34IN wall track and cable management.,45-271-026,$718.00 
ERG-24-194-055,39bef443-9eae-5a0f-d30b-528634a23d3d,Neo-Flex Dual WideView WorkSpace Dual-Display Cart,24-194-055,"$1,029.00 "
ERG-97-760-009,3a03f525-598e-c195-be49-5f62732105d9,Monitor handle kit.,97-760-009,$57.00 
ERG-45-289-026,3a2f1e78-a8c7-3bf1-0e90-528634b4ab36,LX Extension Arm (new version) (polished aluminum & black),45-289-026,$53.00 
ERG-YES40-TAB-1,3aaf09a6-0121-f647-31c1-5d950c55edec,YES40 Tablet Charging Cart,,"$2,665.00 "
ERG-33-350-200,3b48c414-7bc6-a146-946a-5286345bf3b7,"WorkFit-S, Single LD with Worksurface+",33-350-200,$515.00 
ERG-DM12-1006-1,3b60698e-b1d6-589d-acac-5ed110f6653a,Zip 12 Charging wall mounted Cabinet.  Hold 12 tablets.,DM12-1006-1,$777.00 
ERG-YESMOR2GMPW4,3c4bb206-d827-d2b2-ee91-56d79c9aed48,"YES36 Charging Cart for Mini-Laptops - charges, secures and transports up to 36 mini-laptops like Chromebooks, Netbooks, Ultrabooks, Surface Pro, MacBook Air and iPad.  PowerShuttle2 power management system charges up to 40% faster than standard round-robin charging. Adjustable shelves and dividers for total flexibility.",YESMOR2GMPW4,"$2,189.00 "
ERG-97-650,3cc3e18e-b8bc-4643-5f55-5d16642ee25b,StyleView LCD Pan Accessory,,$26.00 
ERG-45-234-200,3fb24ef9-658a-f457-71fe-528634965ebc,200 Series Wall Mount Monitor Arm with 2 extensions (23 IN extension),45-234-200,$214.00 
ERG-60-239-007,3fc2c912-ab5d-171e-a2b5-5286340cf7fd,FX30 Wall Mount with quick release lever for LCD monitors up to 30 lbs.,60-239-007,$48.00 
ERG-80-105-064,40b40fe8-7120-5e42-c8fc-5286341ab2b9,Universal wrap around CPU Holder,80-105-064,$56.00 
ERG-24-271-927,41104146-d059-3f95-d06f-52863473abe3,WorkFit-D Sit-Stand desk  with 47.6IN by 23.5IN worksurface (Walnut Finish),24-271-927,$779.00 
ERG-28-514-800,416ac1ea-6fb7-3105-722e-528634ce88c4,Neo-Flex Dual Monitor Wall Mount,28-514-800,$251.00 
ERG-80-107-216,416ae674-dca3-d7e8-c822-57eed43bf121,Thin Client Mount (White) works with Thin client PCs from .8IN to 2.3IN deep.,80-107-216,$53.00 
ERG-SV42-6102-1,41d1738e-a8b0-aef4-2a3b-5c4b6980d7f2,"SV42 StyleView Laptop Cart, Powered, LiFe Battery",,"$4,799.00 "
ERG-97-936-085,421b44fc-826c-c7db-71b7-5d56b6d5d713,WorkFit Single HD Monitor Accessory Kit (black),,$111.00 
ERG-98-150-055,448fea88-d56b-6f00-94ff-5b3626fa98d4,Keyboard/Mouse tray with debris barrier.  Graphite gray,98-150-055,$125.00 
ERG-47-093-800,45484329-7036-4361-525c-5286346fc652,"Ergotron Pivot Direct Mount, Double Pivot (includes Black and Gray covers)",47-093-800,$77.00 
ERG-45-505-216,459d0cc9-d9f1-202d-58fc-5aee07c7cd64,MXV Wall Monitor Arm (white),45-505-216,$279.00 
ERG-60-577-195,45cfb5fd-2dd2-6a2f-ba08-528634dc1a78,"Neo-Flex Wall Mount Lift - tilts, pans, 5in of lift, 6-16 lbs capacity.",60-577-195,$72.00 
ERG-45-243-224,460038bc-b582-f0d0-7bf9-5fe4db67df4c,"LX Wall Monitor Arm, matte black",45-243-224,$220.00 
ERG-45-261-216,46409fed-62d0-eb8f-56e8-574f09ad71a7,"Sit-Stand Combo 17"" Extender (white)",45-261-216,$228.00 
ERG-45-460-026,465b420f-700e-7692-0e74-59ce21a65799,Lockable Tablet Mount- Securely attach most tablets to a standard VESA compliant monitor mount.,45-460-026,$151.00 
ERG-97-905,46e267af-ca95-877f-ca1d-54aea5571b3e,WorkFit Single LD Monitor Mounting Kit,97-905,$102.00 
ERG-45-255-216,4728db04-4c87-c66f-0daa-5286340d0287,SV HD Extender arm (White),45-255-216,$125.00 
ERG-45-233-200,473ca8f0-595d-5489-938d-5db6e1fa1caf,"200 Series Wall Monitor Arm, 1 Extension (14"" Reach, 25 lbs Capacity)",45-233-200,$170.00 
ERG-45-296-026,48796447-a2b1-cd07-55f1-528634f38912,"Interactive HD arm for LCD displays, 18–40 lbs.,polished aluminum",45-296-026,$312.00 
ERG-24-237-085,48b6aaf1-3c02-2d5b-cf00-528634005219,"Tablet charging cart, single desktop",24-327-085,$999.00 
ERG-33-091-200,48c0c0e7-8c1b-3da2-5f23-5286341dbb64,"Dual Monitor DS pole vertical configuration w/ free standing base, clamping double pivots",33-091-200,$302.00 
ERG-98-246,4ac23de4-de8d-0b5e-2dde-5cd5928517fe,LiFeKinnex Battery - 245Wh Lithium Iron Phosphate battery with magnetic connection (Smart Dock required),98-246,$999.00 
ERG-45-383-026,4bd0574b-144e-dfc9-a514-54f5791e2c93,"LX HD Sit-Stand Wall Mount Monitor Arm, 14 to 30 LBS weight capacity, 33 inch reach.",45-383-026,$380.00 
ERG-80-107-200,4c37de48-5da3-e6fc-1e1a-54945b3d07d0,"Mini PC Mount (black), accommodates mini PCs or thin clients from 0.85IN to 2.3IN in depth.",80-107-200,$56.00 
ERG-SV44-1341-1,4d318ece-b0c1-0196-f01b-54a291e90b9b,"StyleView Cart with LCD Pivot, SLA Powered, 4 Drawers",SV44-1341-1,"$3,977.00 "
ERG-33-467-921,4d640485-94b9-84cf-e332-5c337091aee0,WorkFit-TX Standing Desk Converter (black),ERG-33-467-921,$549.00 
ERG-97-540-053,4e0bb319-bff7-8366-a9a1-5286343f7139,"Large Utility Shelf, includes strap to secure equipment. (Gray)",97-540-053,$73.00 
ERG-97-582-009,4fd9cd6d-ca04-b749-f692-59306e1ff9b1,Neo-Flex Underdesk Keyboard Arm,97-582-009,$136.00 
ERG-97-565,51540168-89b5-08cd-3595-5dd5883c5fb2,SV cart  basket with handle kit and hardware.,97-565,$70.00 
ERG-97-464,51e1cdbb-41ac-e23d-a4c2-5286340845ac,"Coiled Extension Cord, Medical Grade, Extends to 8', 15 amp",97-464,$113.00 
ERG-60-593-195,52291901-5994-84fe-0ab6-528634f97615,"StyleView Vertical Lift, High Traffic Areas (black)",60-593-195,$559.00 
ERG-97-780-194,52f06de8-fe75-5b0e-b485-5c37a8d56686,StyleView scanner shelf,,$30.00 
ERG-97-848,53273820-b397-d565-637b-5d4086db0c7c,SV single drawer replacement kit.,97-848,$55.00 
ERG-24-715-057,53d8e8b7-6493-1f7a-7678-5d5b12dac6f5,"LearnFit SE Sit/Stand Desk, Short. Medium Grey/Silver finish.",24-715-057,$387.00 
ERG-24-811-F13,54bdc7f8-1d62-77fe-6b81-5f60cfdadab2,Ergotron mobile desk (maple and silver),,$655.00 
ERG-98-551-251,55c53859-6201-329f-b951-62c9b40c7abf,"CareFit Combo Wired Scanner Bracket, white",98-551-251,$95.00 
ERG-33-447-921,56377451-0320-b011-1267-5d8ba48f5dfb,WorkFit-TS Compact Desk Converter,,$299.00 
ERG-97-702,5769393f-de7e-f957-f2dc-5df7b000bb89,"K-Slot Lock Kit - Security cable lock for attachment to K Slot on Laptops, PCs and other compatible hardware.",97-702,$27.00 
ERG-C50-3500-0,585d7104-45de-3595-a4f5-5f91b4b329d3,"CareFit™ Slim 2.0 LCD Cart with 22.5IN height adjustment, built in left side storage basket. Accommodates monitors up to 20lbs.",C50-3500-0,"$1,299.00 "
ERG-97-091,5885416b-d84e-461f-4f3c-5286342d2690,Track Mount Bracket Kit for Arm or Peripheral,97-091,$48.00 
ERG-80-063-216,593c37dd-8ded-d518-f9ae-56156b4f6ff6,"Small CPU Holder (white), accommodates CPUs from 1-3/8 inches to 3-3/4 inches wide.",80-063-216,$59.00 
ERG-97-565,5a37a329-bc84-560d-fb85-52863464c470,Basket and Handle for SV40 cart,97-565,$40.00 
ERG-31-016-182,5a5a5752-f75a-3b98-c96a-528634c7d639,10 inch aluminum wall track,31-016-182,$63.00 
ERG-97-606,5c8739e7-6643-137b-6242-529dfd6fe5cf,WorkFit Conversion Kit:  Convert from Single HD to Dual Displays,97-606,$57.00 
ERG-61-132-223,5cfa66d3-cd98-4371-95ba-63a206727eec,"Neo-Flex Cantilever Wall Mount, UHD, Ultra Heavy Duty, low-profile full motion mount fits monitors and TVs up to 120 lbs., maximum extension of 18.8 inches",61-132-223,$246.00 
ERG-45-594-216,5e053ea6-dd4a-c665-c5fa-628d84f44b94,"Sit Stand Combo System with Worksurface & Pan/Pivot Monitor Mount. Includes SSC Arm, 34 Inch Wall Track, Small CPU Holder (white)",45-594-216,"$1,243.00 "
ERG-SV42-6201-2,5f3cd417-981a-2b59-9124-59b2f11f3c23,"StyleView Cart with LCD Arm, SLA Powered",SV42-6201-2,"$2,749.00 "
ERG-97-815,5fd40beb-9759-6e27-b194-53767494910f,VESA mount scanner tray for attachment to flat panel monitor.,97-815,$50.00 
ERG-97-466-214,6049bc39-23ab-fe2c-2f8c-528634e009c4,"Medical grade 4 outlet power strip for Ergotron Cart accessory rail attachment, with heavy duty coiled cord.",97-466-214,$153.00 
ERG-97-589,627dcf2e-5183-d8fd-181b-528634d5a2cb,Low profile fixed LCD wall mount bracket.,97-589,$21.00 
ERG-45-594-026,64580288-8b7f-c6a7-1a66-628f709faa89,"Sit Stand Combo System with Worksurface & Pan/Pivot Monitor Mount. Includes SSC Arm, 34 Inch Wall Track, Small CPU Holder (polished aluminum and black)",45-594-026,"$1,243.00 "
ERG-97-818-214,64cde6c8-1542-e420-99bd-5e00f52dcc2c,NF Cart Mounting Bracket - Attachment bracket for power system.,97-818-214,$23.00 
ERG-61-080-062,64f24578-3225-e849-4f17-56c36f94a2d8,"StyleView Sit-Stand Vertical Lift, Patient Room (White)",61-080-062,$938.00 
ERG-98-466,65cd44ac-a7f7-18c7-fd5d-6024840e38ab,"Side-Mount Scanner Bracket, Slim 2.0",98-466,$52.00 
ERG-60-593-216,669a2347-1572-58c1-0a11-5286342ac716,"StyleView Vertical Lift, High Traffic Areas (white)",60-593-216,$559.00 
ERG-97-935-062,677002dc-bed2-a3d0-d894-5beee99d940e,WorkFit Single LD Monitor Accessory Kit (white),97-935-062,$103.00 
ERG-97-631,67890897-f4ea-8505-20e5-5286344ca088,"SV T-Nut Kit for attaching accessories to carts that include a t-slot channel, includes two (2) t-nut brackets, four (4) 10mm screws, and four (4) 12 mm screws",97-631,$11.00 
ERG-SV10-1100-0,678f1219-d677-20ed-6c92-61005154a910,Ergotron SV10 Laptop cart,SV10-1100-0,$921.00 
ERG-SV40-6100-0,695db267-11bb-b188-a9d2-5df25a1f26a0,"StyleView SV40 Laptop Cart - Basic laptop cart with ergonomic adjustable keyboard and mouse tray, 20 inches of height adjustment for full sit to stand capability, secure laptop compartment allows use of laptop screen with the rest of the devices securely locked in the storage compartment under the work surface. Includes scanner bracket and mouse storage (no rear basket/ handle.)",SV40-6100-0,"$1,140.00 "
ERG-SV41-6300-0,69f58ebe-f842-6303-8b1e-5c4b1f27f3d7,"StyleView Cart with LCD Pivot, lithium iron phosphate power available, Includes worksurface, secure CPU compartment, four-port USB hub, scanner bracket, back-tilt keyboard tray, left/right mouse tray, rear handle, storage basket, four casters (two locking), LCD ≤ 24IN.",SV41-6300-0,"$1,609.00 "
ERG-24-547-003,6b1781e5-4dfa-f2ab-abbd-60b134ce06d8,Learn Fit Sit to Stand desk,24-547-003,$399.00 
ERG-45-260-026,6bd71163-f952-1679-413d-528634a15c2d,StyleView Sit Stand Combo Arm with Worksurface (polished aluminum and black),45-260-026,$894.00 
ERG-31-017-182,6c4e127a-8286-12f6-eaea-528634caab7d,26 Inch Aluminum Wall Track,31-017-182,$106.00 
ERG-SV10-1100-0,6cec01fa-ad2f-ce68-0668-59bbeb05a887,"StyleView Laptop Cart SV10 with laptop security bracket, front handle, storage hook, and cable and power brick storage compartment.  Additional accessories can be added using t-slots on column.",SV10-1100-0,$799.00 
ERG-97-862,6d04f4f5-c7b6-f8ac-926d-60b795d839ca,SV supplemental drawer,ERG-97-862,$349.00 
ERG-SV44-1322-1,6ea255bd-3379-12f8-99b8-5ceed66e49cf,"StyleView Cart with LCD Panel, LiFe powered, 2 drawer",SV44-1322-1,"$4,361.00 "
ERG-45-478-026,6f07ea7f-61f9-2cbd-f832-5d3f48380849,HX Wall mount monitor arm.,45-278-026,$354.00 
ERG-60-154-100,704237b1-290f-584b-2ab4-528634726629,"Heavy arm bracket for Command Post - one required for SV Combo arms, two required for Extenders.",60-154-100,$210.00 
ERG-45-358-026,709638d0-8c91-f68f-4b2c-542ef6dad120,"LX Sit-Stand Wall Mount System with Universal CPU Holder, 34IN Wall Track, Cable Management and Anchor Hardware.",45-358-026,"$1,025.00 "
ERG-SV44-1312-1,70fa062d-b87f-10f0-6d62-5c880b4e4ad0,"StyleView Cart w/LCD Pivot, LiFe Powered, 1 Drawer",SV44-1312-1,"$5,379.00 "
ERG-45-353-026,71544ebe-66ea-142c-2836-52863481da89,"LX Sit-Stand Wall Mount LCD Arm - features 20 inches of vertical adjustment, 32 inches of side-to-side adjustment and a capacity of up to 25 lbs. Includes wall-mount base.",45-353-026,$345.00 
ERG-98-353-921,723178bb-b364-f919-7288-607f16c49fa2,"WorkFit Electric Sit-Stand Desk, 46"" Surface",,$854.00 
GCX-WM-0030-01C-ERG,7342692e-9d76-e6df-8b93-5a7cd390af04,Flush UPS / Zebra printer Channel Mount for 3IN - 5IN Wide Housings for Ergotron track,WM-0030-01C,$164.00 
ERG-97-650,73e5ad58-262d-52a6-199b-5c37a72286c1,Pivot for LCD monitors,,$20.00 
ERG-97-546,73f4ac90-d4bd-4dd1-5d01-5661c07a9f92,Neo-Flex Cart Vertical Laptop Kit,97-546,$83.00 
ERG-45-583-026,740a8770-1b55-4a8e-1cdf-5f084d6514bc,Ergotron StyleView Sit-Stand Combo Arm with worksurface & pan feature (polished aluminum),45-583-026,"$1,028.00 "
ERG-98-136-216,741b2890-65c9-a19b-aa89-5ee93534bd67,"SV Wire Storage Basket Small 12.3"" x 10.25"" x 6""",98-136-216,$59.00 
ERG-SV40-6300-0,7629993f-09b3-ebd7-43e8-53f25a65239b,SV40 StyleView non-powered Flat Panel cart- base model does not include storage basket or rear handle.,SV40-6300-0,"$1,202.00 "
ERG-77-050-200,767bd7d8-0372-8cf8-b631-5286357aa08a,Keyboard tray with sliding mouse tray (Black),77-050-200,$96.00 
ERG-60-600-009,777edc29-66ff-1a61-99f7-528634113909,SIM90 Signage Integration Mount including VESA-compliant thin client CPU holder.,60-600-009,$279.00 
ERG-97-594,77c2eb79-3173-be28-894f-5286344adc0a,"NF Extension Pole- 12""",97-594,$35.00 
ERG-SV43-13B0-0,783095c0-94f1-ca7c-429d-5d166543d13a,"StyleView Cart w/LCD Pivot, 1 Tall Drawer",,"$2,111.00 "
ERG-60-589-060,78ce9175-4650-4933-13cf-56f6b589e203,"Quick Release LCD Bracket allows for quick removal and connection of displays to a VESA compatible arm, stand or wall mount.",60-589-060,$17.00 
ERG-24-189-055,7a44459e-55f9-6a80-df6f-5286341cd2b5,Neo-Flex WideView WorkSpace Large Display Cart,24-189-055,"$1,030.00 "
ERG-SV10-1300-0,7a79e989-5fd9-4b49-9e8c-59f0d14bf098,"StyleView Lean WOW Flat Panel monitor Cart, SV10, includes cable cubby and rear storage hook.",SV10-1300-0,$999.00 
LTC-ERGSV32,7b4060ff-43e8-6b14-91dc-528634c35b90,"StyleView Cart W/ 66 Ah Power Sys, Auto-lock Drawer, Laptop config.",SV32-32052,"$3,199.00 "
ERG-97-101-003,7d38edb5-803b-bdf3-d46b-528634bf4bee,"Wall Mount Plate, aluminum",97-101-003,$34.00 
ERG-45-505-026,7d3ab847-67dd-604b-d431-5aee076df82c,MXV Wall Monitor Arm (polished aluminum),45-505-026,$279.00 
ERG-45-354-026,7d92e61f-15a4-1554-f296-528634ca5dd8,"LX Sit-Stand keyboard arm with extension, mouse pouch, wrist rest and sliding mouse tray.",45-354-026,$385.00 
ERG-45-496-026,7eb0f2c3-c7d5-a714-ab82-5e62583eb3f8,"MXV desk mount dual monitor arm (polished aluminum.)  For individual monitor 7 - 20 lbs.; max weight of two 40 lbs., max extension reach 22.2"" from back of base to VESA mounting plate.",45-496-026,$420.00 
ERG-PT2GMPW3,801d7763-9d1f-6f00-aa3e-59394a584b1b,Peanut Cart for Tablets (Grey Metallic/Polar),PT2GMPW3,$449.00 
ERG-45-549-026,81297ebf-e0e4-1a44-9489-604641e6054f,"LX Dual Stacking Arm (polished aluminum), 22 inch tall pole, desk clamp or grommet mount. ",45-549-026,$448.00 
ERG-98-062-200,81573eae-f10e-f7e3-5396-621903e20174,Dual Monitor Tilt Pivot Kit,,$72.00 
ERG-97-828,815d0475-e9ad-59b6-7ee4-5df7ae467732,SV Sani-wipes Holder - Attaches to rear T Slot channel on StyleView Cart.,97-828,$42.00 
ERG-97-607,81c1e9d3-3e62-fecf-4ce9-56a3b71f62ab,WorkFit Conversion Kit: Dual or LCD & Laptop to Single HD,97-607,$31.00 
ERG-45-261-026,8236e52a-e578-e95a-b749-528634823d73,StyleView Sit-Stand Combo Arm Extender - increases its reach by 17 inches (polished aluminum and black),45-261-026,$228.00 
ERG-45-272-026,840e2968-63df-c0dd-e5f0-53ee62c03ff1,"Sit Stand Combo Arm with work surface, 34 inch wall track and Small CPU Holder. (CPU size 1 3/8IN to 3 3/4IN)",45-272-026,$899.00 
ERG-C50-2510-0,8443b214-70b2-4921-8081-60217a5c1ea0,"CareFit™ Slim LCD Cart, 1 Drawer",,"$1,360.00 "
ERG-97-468-202,84e856bd-38d9-2a9a-382c-528634292646,"Universal CPU Holder (silver) w/ spacer, accommodates CPUs from 2 inches to 8 inches wide.",97-468-202,$78.00 
ERG-45-622-251,85e29559-2198-fb6d-26c9-62c9b11a731e,"CareFit Combo Arm with Worksurface, white",45-622-251,"$1,625.00 "
ERG-97-815-062,878f4f36-91c5-cd59-fa5d-58949b8730ae,"Scanner Shelf, VESA Mount (White)",97-815-062,$50.00 
ERG-97-902,88acb809-9d39-7ff1-73df-61f99f456ed7,SV43 Primary Single Drawer for laptop carts,97-902,$792.00 
ERG-24-198-055,88af4ff8-d8ae-a667-d94b-5cbdc6537062,"Neo-Flex WorkFit C-Mod, Sit-Stand WorkStation, Single Display LD",24-198-055,$953.00 
ERG-45-521-216,8953c0eb-2845-69f4-bf96-607f1888d67f,HX Desk Dual Monitor Arm with Under Mount C-Clamp,,$499.99 
ERG-97-468-216,8aba4f9b-9fad-6f0e-df0c-5617e8a91012,"Universal CPU Holder (white) w/ spacer, accommodates CPUs from 2 inches to 8 inches wide.",97-468-216,$106.00 
ERG-97-597,8c25b1b0-0bb6-85b9-42a2-528634645a15,NF Ceiling Plate- Suspended ceiling mounting plate with steel attachment cables for concrete/ wo...,97-597,$129.00 
ERG-97-851,8c30cf51-b402-6331-35e6-5c190d196631,Supplemental Single Drawer for SV cart,97-851,$305.00 
ERG-ZDDCGCG,8d56c4b1-5ded-35d0-d0e7-5ab5a7f1cb59,Zido deep drawer with keyed lock.,ZDDCG/CG,$209.00 
ERG-24-271-926,8e7b1e70-6f71-3582-ce2f-564a48f4fd5f,WorkFit-D Sit-Stand Desk (light grey),24-271-926,$779.00 
ERG-24-316-026,8f1e0601-1ab8-c287-b274-5bc8dda3e5fa,"WorkFit-A, Dual Display Sit-Stand Workstation, with Worksurface and 5 inch lift",24-316-026,$561.00 
ERG-45-246-026,90500780-8a7c-d4a5-424b-528634f8b8a3,"LX Wall Keyboard Arm, polished aluminum",45-246-026,$414.00 
ERG-BZD03CGCG4,90e5e497-2782-daf4-54c3-5ab5a9a7caee,"Zido EKG cart package, includes side bin and under work surface storage bin.",BZD03CG/CG4,$859.00 
ERG-97-544,911343c0-bd68-c244-3efc-5e0f9a2fc29c,Neo-Flex Cart Wire Basket Kit,,$55.00 
ERG-24-392-026,911abed0-b7d8-63bf-a835-53ee6c8e72b1,"WorkFit-A with Suspended Keyboard, Sit-Stand Workstation, Dual monitors (Polished Aluminum and Black)",24-392-026,$565.00 
ERG-97-936-062,91b4d44e-91f4-9d12-df46-5d56b5d1cfe6,WorkFit Single HD Monitor Accessory Kit (white),,$111.00 
ERG-33-341-200,92205d1b-45fd-ac1c-fe00-548ad1f2bb67,"WorkFit-S, Dual Monitor Sit-Stand Workstation (31lbs capacity)",33-341-200,$477.00 
ERG-45-174-300,92370c2a-878a-1dea-82d6-52863453c687,"Neo-Flex light monitor arm for desk, clamp or grommet mount (silver)",45-174-300,$106.00 
ERG-SV43-53E0-1,932edf82-8a93-c2d6-b1e3-5eb1c452cc0d,"StyleView Telepresence Cart, Single Monitor. Includes monitor mounted camera shelf, auto-lock drawer system with primary upper drawer/ large lower drawer/ drawer dividers, 4 outlet med grade power strip, rear handle and basket.",SV43-53E0-1,"$2,765.00 "
ERG-SV41-6200-0,939352c9-3f44-9c5a-936e-52863595cb38,"SV41 StyleView cart with LCD arm, Non-powered",SV41-6200-0,"$1,539.00 "
ERG-97-468-202,93a05c58-545d-dc89-e2ec-528634aff36a,"Vertical Universal CPU Holder (silver), accommodates CPUs from 2IN to 8IN wide.",97-468-202,$106.00 
ERG-45-272-216,9481b44a-5de9-a15e-b694-61009c45d6e0,"StyleView Combo System with Worksurface, Small CPU Holder, Cable Channels, 34 Inch Wall Track (white)
", 45-272-216,"$1,119.00 "
ERG-45-266-026,94a606f2-2112-8db9-8496-528634b72fdd,StyleView Sit-Stand Combo Arm (polished aluminum and black.),45-266-026,$728.00 
ERG-45-361-026,9614ba32-f25d-b6df-5963-528634129647,"Interactive Arm, LD - lift, swing or turn your display in any direction with 20 inches of vertical adjustment and 15-inch motion adjustment to either side.",45-361-026,$208.00 
ERG-YESBASGMPW4,96c810d4-34cd-9689-c9e9-5900df5c6bd3,"YES Basic Charging Cart for Mini-laptops, Chromebooks, Ultrabooks, MacBooks for up to 36 devices with 1.1 inch wide adjustable bays, built-in timer manages power draw, single 12 foot power cord, white and grey.",YESBASGMPW4,$999.00 
ERG-60-609-216,97a099be-706e-a367-dd18-528634828bb6,"StyleView Vertical Lift, Patient Room (white), slide-out keyboard tray, monitor and keyboard pan, includes mouse pouch & scanner holder.",60-609-216,$686.00 
ERG-05-057,97cb0061-97e1-fc31-e65a-5df7d858e603,SV40 Series Heavy Lift Engine replacement kit,05-057,$269.29 
ERG-SV43-1110-0,9943dc99-c9f8-6da0-4ec4-5c88ffd1e3e8,"StyleView Laptop Cart, Non-Powered, 1 Drawer",SV43-1110-0,"$1,555.00 "
FPC-ERGSV32,995756d3-0cf6-c0cd-74c6-528634ee599f,"StyleView Cart W/ 66 Ah Power Sys, Auto-lock Drawer, Flat Panel Coning.",SV32-32051,"$3,199.00 "
ERG-SV43-1110-0,9a23a6eb-4355-687d-82f5-5bfee507525e,"Ergotron StyleView Laptop Cart, non-powered",,"$1,555.00 "
ERG-31-018-216,9b07ca52-ced5-4311-8389-5616bbb189ea,34 inch aluminum wall track (white track / white covers),31-018-216,$132.00 
ERG-97-582-009,9bdf9261-1645-2e56-8031-53a97bd7e7d4,Neo-Flex Underdesk Keyboard Arm,97-582-009,$133.00 
ERG-97-934-085,9be8197d-3021-9fad-ecbc-5bd714a8ab36,WorkFit Dual Monitor Kit (black),97-934-085,$208.00 
ERG-97-845,9c0db1a7-ea3e-e8d2-2e9d-5c0e9e0ed4cc,Tall User Kit for Single Display - only compatible with mounts where portrait/landscape adjustment is locked or is not present,ERG-97-845,$24.00 
ERG-97-898,9d6dcb29-0d8a-4fa0-5022-5500267773ed,Corner Keyboard Tray for WorkFit,97-898,$63.00 
ERG-PT1GMPW3,9eb0a3ef-bc32-eb53-f173-595268b9a914,Peanut Laptop Cart,PT1GMPW3,$399.00 
ERG-45-521-026,9eca8d78-7ef1-a21f-09be-607f171f2b4a,HX Desk Dual Monitor Arm,,$499.99 
ERG-98-101-009,9ef02556-375e-fe46-da16-5bdb114d618b,"Mounting kit (double hinged bow) for 2 LCD displays - screen size: up to 25"" -",98-101-009,$58.00 
ERG-60-350-200,9ef2839e-1412-af96-c71d-5286347628b8,"DS100 Grommet Mount, Black",60-350-200,$149.00 
ERG-24-205-214,9fd726fe-018c-66cd-69d0-528634fe4ba0,Neo-Flex Laptop Cart,24-205-214,$736.00 
ERG-97505-GY,a08af084-cca0-7ef5-404b-52863473303b,Foam Wrist Rest (Gray),97-505,$26.00 
ERG-97-926-064,a278e45b-2071-019e-bed5-60b13534f7bb,Storage bins for LearnFit carts,97-926-064,$70.00 
ERG-97-446-200,a2e5ce4c-1437-68d5-0419-5555d4fca94a,"Crossbow extensions to make a 28"" crossbow 46"" long. Includes center pivot.",97-466-200,$169.00 
ERG-45-195-194,a361b1af-b724-c532-6cc7-528634c372b4,NeoFlex HD Wall Mount Pivot (Silver),45-194-195,$79.00 
ERG-60-587-207,a3dd0b64-58dd-769d-1c0f-528634793056,Interface Bracket Kit (aluminum); aka T-Slot Bracket Kit - Includes (1) Angled T-Slot Interface Bracket and (2) Light-Duty T-Slot Brackets,60-587-207,$23.00 
ERG-SV42-6301-1,a45c7b28-bfd2-05d7-56b6-53f25c001fdc,StyleView SV42 SLA Powered Flat Panel Cart includes storage basket and rear handle.,SV42-6301-1,"$3,077.00 "
ERG-31-039-182,a499e098-3e49-7d7a-b3fb-52863421c385,Ergotron 42IN Aluminum Wall Track,31-039-182,$158.00 
ERG-45-245-026,a4a6b52b-c815-afd5-404a-53765c12c4f3,LX Dual Side-by-Side Monitor Arms desk clamp or grommet mount.,45-245-026,$379.00 
ERG-60-158-100,a5208433-eb70-c4c5-06c8-528634d809c4,Bracket to Mount Peripheral to 3x3 Post,60-158-100,$55.00 
ERG-915-361-00P,a585bcc5-acb0-568d-2b70-5d4c4ae598f0,Med drawer replacement Key Pad,915-361-00P,$76.15 
ERG-97-915,a6257097-e42c-fbec-e9f5-5be9a34f07fa,SV LiFe Replacement Coiled Power Cord,97-915,$85.00 
ERG-33-326-085,a6c87be4-f1ec-8caa-c1a3-5286345b0888,Neo-Flex All-In-One Lift Stand,33-326-085,$82.00 
ERG-98-578-251,a6f8353a-6e60-e0e9-3807-62c9b334fb2c,"Printer Bracket for Wall Track, white",98-578-251,$115.00 
ERG-45-270-026,a704626b-6164-451a-10a5-528634594a6b,"StyleView Sit-Stand Combo Arm System with Worksurface (polished aluminum), includes 34IN wall track, medium CPU holder and cable management.",45-270-026,$957.00 
ERG-C-9000,a728a9ac-e826-7a67-ae59-5ce820971dc8,Mouse tray patch for optical mouse.,C-9000,$12.00 
ERG-SV10-1800-0,a80bac86-3d90-e4df-4252-5e0f97756554,SV-10 S-Tablet cart,SV10-1800-0,$968.00 
ERG-44-396-180,a86c6bed-d1d4-a0fa-4226-5b8ed585dd7c,HD Combo Extender arm (Grey),44-396-180,$130.00 
ERG-97-904,a8bb0853-ccbb-d7c2-a5f9-54aea491d2f9,WorkFit Dual Monitor Kit,97-904,$153.00 
ERG-45-228-026,a937ed6a-ece4-fc84-14b8-528634a860aa,"MX wall mount arm, polished aluminum finish.  Designed to accommodate larger displays up to 30 lbs.",45-228-026,$205.00 
ERG-YESMLCGMPW,aa0df801-f2cd-d268-9169-5720b3700bce,YES12 Charging Cabinet for Mini-Laptops.,YESMLCGMPW,$779.00 
ERG-97-479,aa119cb1-2182-48c3-68de-5286341df445,Replacement battery for SV42 SLA Powered cart.  (2 of this item required for each cart),97-479,$163.00 
ERG-DM40-2008,aa5710fe-464d-9e67-2aa2-6104487446ae,"Zip 40 Charging and management cart for tablets, workbooks, laptops, iPhones.",DM40-2008-1,"$2,737.00 "
ERG-61-081-085,aa702bdd-ee3d-fee4-8d85-56410d6e4c55,High Traffic area Sit Stand Vertical Lift Black,61-081-085,$768.00 
ERG-06-058,ac5b6392-248a-0304-3033-5cd98af4bc97,Brake cable assembly,06-058,$16.00 
ERG-97-909,acb301a2-75e8-fb93-83d7-5bbd3972850e,"StyleView Replacement power cords, SLA power",97-909,$84.00 
ERG-97-934-062,ad44ba0d-32bd-4c93-4ad8-568a83d51fc1,WorkFit Dual Monitor Kit (white),97-934-062,$154.00 
ERG-24-391-026,ad62a73d-5796-7716-92bf-54aea6595088,"WorkFit-A with Suspended Keyboard, Single HD",24-391-026,$542.00 
ERG-24-190-085,ad6381f7-c499-4e79-91ad-5e331a5bc8d5,Neo-Flex Mobile MediaCenter LD Adjustable TV Display Cart,ERG-24-190-085,$975.00 
ERG-60-610-060,adad9ecf-82d9-482f-de92-52863461f0da,StyleView Vertical Lift Sit-Stand Enclosure (black),60-610-060,"$1,112.00 "
ERG-98-609-030,adf02672-334b-c516-c128-62c9b670cade,"CareFit 34-inch Wall Track Covers, white",98-609-030,$115.00 
ERG-77-050-180,af1e9089-5de4-8c48-9466-5286346710f6,"Keyboard tray (grey), includes mouse tray which slides to left or to right.",77-050-180,$138.00 
ERG-97-776-194,af3550cb-8376-0f91-67b3-5df3aae54eff,"Scanner/camera shelf, sits above display, mounts to VESA pattern.",97-776-194,$53.00 
ERG-SV43-1210-0,afbb2f4e-0cc4-e27f-2d82-61cb3994e049,"StyleView SV43 Cart, non-powered with LCD Arm, 1 Drawer",,"$2,558.00 "
ERG-45-304-026,b079e728-a00f-5bac-133b-63063ddba3d6,"Interactive Arm, VHD, Very Heavy Duty (polished aluminum), straight out extension 28 inches, supports 35-70 lbs.",45-304-026,$564.00 
ERG-33-310-060,b087ff51-d1e2-340a-385c-528634ee2c2e,Neo-Flex LCD Stand (Black),33-310-060,$51.00 
ERG-YESTABGMPW4,b0e4c831-a527-c91a-e001-57869bc387a3,YES40 Cart for Tablets- Charge sync and secure up to 40 tablets.,YESTABGMPW4,"$1,799.00 "
ERG-45-268-026,b1385e2d-0ccb-eccb-8528-528634cdb61e,LX HD Wall Mount Swing Arm (polished aluminum),45-268-026,$129.00 
ERG-60-613,b1b3240a-1bd2-1d10-9ce9-53f4b85c8bb0,"Neo-Flex Tilting Wall Mount, VHD.  For displays 23 to 42 inches under 80 lbs.",60-613,$102.00 
ERG-45-436-026,b21262c9-4fc5-4472-8f9f-59ce1f770234,"MX Mini Desk Arm (polished aluminum) with full tilt, pan and rotation capability, designed for mounting lightweight monitors and tablets like Apple iPad and Microsoft Surface.",45-436-026,$189.00 
ERG-ABS4835SM-CG,b244db02-6e73-5a40-9178-55094bbe69c9,"AnthroBench II  48IN W x 35IN H x 28IN D with 1.25IN thick shelves, 16 gauge steel legs, and 2.5IN base tubes, 400 lbs weight capacity.",ABS4835SM-CG,"$1,379.00 "
ERG-33-324-200,b26d0f47-e272-69e7-dc40-5320b4860bfa,DS100 Quad-Monitor Desk Stand,33-324-200,$369.00 
ERG-33-406-085,b28dec8c-9639-9db0-48f6-564b6ab57b18,WorkFit-TL sit-stand workstation (black),33-406-085,$618.00 
ERG-33-397-062,b390beec-929e-a739-8169-54aea316354c,"WorkFit-T, Sit-Stand Desktop Workstation (white)",33-397-062,$479.00 
ERG-97-505,b46102aa-7d66-41d0-5475-53aa22f44be3,Foam Wrist Rest (Gray),97-505,$26.00 
ERG-45-215-200,b5c33224-fc42-97e4-bef4-528634012550,HD Combo Arm (Black),45-215-200,$237.50 
ERG-97-947,b7d86d57-a34a-e779-cfb2-5d1664d6e2a8,SV Mounting Bracket Kit for DC Power System,,$16.00 
ERG-06-117,b862658a-626a-99e1-8139-550079912a03,"Replacement Medical Grade, coiled AC power cord for Ergotron StyleView Cart with reinforced cord boot at cart base.",06-117,$105.00 
ERG-SV44-1141-1,b8958a71-aed0-14e8-1fcf-54a290b0e151,"StyleView Laptop Cart, SLA Powered, 4 Drawers",SV44-1141-1,"$3,875.00 "
ERG-45-486-026,b945ee80-2145-e2f5-a4dc-5e626e8e9421,MXV desk mount single monitor arm (polished aluminum.)  For monitor 7 to 20 lbs.,45-486-026,$218.00 
ERG-28-513-100,ba08dad5-8be4-9c88-68cc-5386453118dc,Neo-Flex keyboard wall mount with slide out tray and 10IN wall track.,28-513-100,$429.00 
ERG-45-273-026,bb62a397-9345-7e21-c29f-528634a2737d,"StyleView Sit-Stand Combo Arm System with 34"" Track, small black CPU holder, and cable channels.",45-273-026,$718.00 
ERG-97-711,bb891f7c-1951-b5f4-ebf0-5cbdc7ef6731,"Power Strip, 6-outlet, 15 amp, 15' cord (Black)",,$81.00 
ERG-SV43-1320-0,bba66740-9ea2-f68e-2d16-5cc1f20b82fd,"StyleView Cart w/LCD Pivot, Non-Powered, 2 Drawers",,"$2,322.00 "
ERG-45-235-194,bd83e0ba-7cc7-6d7c-7f79-5486c4b49b58,"Neo-Flex Extend LCD Arm, Desk Clamp or Grommet Mount (20lbs weight capacity.)",45-235-194,$139.00 
ERG-98-247,befd2acc-966e-c173-e796-5cd5934d4af8,"LiFeKinnex Smart Battery Dock - includes charging base, mounting brackets, monitor screen, and power cords to add LiFeKinnex power to a mobile computer cart (battery sold separately)",98-247,"$1,499.00 "
ERG-97-942,bfa1addb-327e-f4f0-e80e-5d166248ec0e,"SV DC Power System, LCD & CPU",,"$1,599.00 "
ERG-C50-1100-0,bfc8e729-f9c2-330a-93f3-5e8342e3b996,CareFit™ Slim Laptop Cart Light-Duty Medical Cart,C50-1100-0,$800.00 
ERG-SV42-6302-1,bfe03706-b851-2a75-dedc-5c37a7f37959,"SV42 with integrated LiFE power system. Includes LCD Pivot, storage basket and handle.",,"$5,049.00 "
ERG-615-590-085,c2dcc66a-0314-746d-5f9d-5dc17b8c390d,Replacement keyboard tray including mouse tray for LX KB arm.,615-590-085-00,$25.85 
ERG-61-081-062,c38c6bb6-63ff-63bc-e466-582db0c08d73,SV Sit-Stand Vertical Lift for High Traffic Areas (White),61-081-062,$768.00 
ERG-33-323-200,c3e5becc-5fca-8ac8-5a3b-5c4731bb55a3,DS 100 Triple Monitor Horizontal Desk Stand (Black),ERG-33-323-200,$335.00 
ERG-SV10-1800-0,c3fb73f3-15ec-6000-1b5d-60a5122ae600,StyleView S Tablet cart for Microsoft Surface,ERG-SV10-1800-0,$999.00 
ERG-60-610-062,c41a1f3e-0746-26d5-ad42-52863464b19d,StyleView Sit Stand Enclosure (White),60-610-062,"$1,112.00 "
ERG-98-470,c430e711-9095-566f-4f1a-5f9ae996bb1b,"Mini CPU Holder, Slim 2.0",,$90.00 
ERG-98-547-251,c4e20aa1-5913-3931-1cf3-62c9b2b52cf5,"CareFit Combo Extender, white, provides additional 19 inches of reach",98-547-251,$355.00 
ERG-ZCBCG,c5603187-c474-b88e-3460-5ab5a68b97ff,"Zido Cable Bin, includes attachment interface for power strip.",ZCBCG,$100.00 
ERG-45-216-216,c81a456b-df96-111f-5db3-5286348769e3,"SV HD Combo system, includes wall track, CPU holder, all hardware to mount to track.  (White)",45-216-216,$649.00 
ERG-24-206-214,c85f0cc5-5b0f-cbb2-b2bc-5cf80b4bc20f,"Neo-Flex LCD Cart - 27 inches of height adjustment, built in thin client mount, and scanner bracket.",,$860.00 
ERG-45-509-216,c90ddee3-b4af-b020-77a2-5d95cff08d1f,"LX Dual Stacking Arm (white), 22 inch tall pole, desk clamp or grommet mount. ",45-509-216,$448.00 
ERG-24-312-026,ca81021b-a23c-f581-0570-53ee6d07fdfa,"WorkFit-A, Dual Monitor",24-312-026,$449.00 
ERG-909-737-053-02,caa5f66f-293d-f190-ac19-5c8937381eb7,"Drawer keypad overlay, 5 button",,$2.88 
ERG-60-360-100,cb432376-adf7-422f-6dd6-528634bf3cad,Base for Command Post - secures Post to floor or ceiling.,60-360-100,$272.00 
ERG-45-479-216,cd43e310-9aee-393c-f1f6-5a976154a69c,HX Wall Dual Monitor Arm with Handle (white),45-479-216,$529.00 
ERG-SV41-6100-0,cf81405b-6f11-9bec-dd86-5cc3283616c4,"StyleView SV41 Laptop Cart - Nonpowered laptop cart with ergonomic adjustable keyboard and mouse tray, 20 inches of height adjustment for full sit to stand capability, secure laptop compartment allows use of laptop screen with the rest of the devices securely locked in the storage compartment under the work surface. Includes scanner bracket, mouse storage, and rear basket/ handle.",,"$1,501.00 "
ERG-45-295-026,d1ce93a3-34f6-ea4c-78a1-528634a70502,"LX Desk Mount Monitor Arm, Tall Pole (polished aluminum)",45-295-026,$267.00 
ERG-97-543-207,d22d56b4-1b3e-b068-c738-528634a076b4,Scanner holder for Ergotron carts,97-543-207,$19.00 
ERG-YES24-CHR-1,d2bc49f0-f160-c7e3-3d94-5d8274303099,Yes24 Adjusta Charging Cart,,"$1,335.00 "
ERG-06-043,d505721f-19a6-5560-bf64-5d5e76aa62f8,Replacement Power System Module for Ergotron SV42-3311-1 SLA Powered Cart.,,$667.00 
ERG-97-653,d50a7b97-242c-840e-0f18-529dfdbf9a1a,WorkFit-S Large Keyboard Tray,97-653,$50.00 
ERG-45-269-009,d6803137-4e36-420b-f330-55840024c5f0,LX HD Wall Mount Pivot,45-269-009,$118.00 
ERG-97-858-216,d7de1a1b-d89c-706f-e1ca-5f3d8c62fe38,"Sit-Stand Combo Extender, short - increases arm reach by 9IN (white)",97-858-216,$199.00 
ERG-45-230-216,d836d63c-d4f1-0be0-622f-528634d7a410,"200 Series Combo Arm (White), includes two fixed height arm extensions for a total of 39 inches of reach, and 5 inches of monitor height adjustment.",45-230-216,$490.00 
ERG-98-354-921,d8b8372f-c9bf-8ed3-5e63-5da87ae43597,"WorkFit Electric Sit-Stand Desk, 58"" Surface",,$999.00 
ERG-45-241-026,da7867f1-e592-91db-7fb9-5286348a857f,"LX Desk Mount LCD arm, 7.9IN Standard Pole (Polished Aluminum and Black)",45-241-026,$197.00 
ERG-24-214-085,daba9bc5-71a2-4e68-6776-5cbdc23753ee,"WorkFit C, Sit-Stand WorkStation, Dual Display",24-214-085,$908.00 
ERG-06-112,dc654348-d903-78ed-7bbf-575849bc5c53,Replacement 75mm VESA plate for Ergotron Vertical Lift system.,06-112,$13.00 
ERG-SV32-6362-1,dd24250e-81c0-4b2e-57c3-528634518b6f,"StyleView PHD LCD Cart, 6 Drawers, LiFe Powered.",SV32-6362-1,"$5,599.00 "
ERG-45-266-216,ddb705fc-368c-4123-ed83-5616d1593c90,StyleView Sit-Stand Combo Arm (white),45-266-216,$731.00 
ERG-C50-1100-0,ddbe00fd-d837-f673-c82b-610051640847,Ergotron CareFit Slim cart for laptop.,C50-1100-0,$871.00 
ERG-SV42-6202-1,df1eb46a-9588-c863-49dc-5f5fc2f9279e,"SV42 StyleView LCD Cart, w/Arm, Powered, LiFe Battery
",,"$5,064.00 "
ERG-33-407-085,df7fcc7c-8253-b4e2-6ca6-5c91515775d9,Ergotron WorkFit-SR Dual Monitor Standing Desk Workstation,33-407-085,$739.00 
ERG-98-450,dfc41d96-c706-bb7d-6a5b-6079faffb0fd,T-Slot Wipes holder for SV cart,98-450,$52.00 
ERG-C50-2500-0,e0b3a11f-4cab-c74a-6a80-5cd58ba07fc5,CareFit Slim LCD Cart Gen 1 with 17.5IN height adjustment and built-in side storage basket.  LIMITED QUANTITY.  SALE PRICE IS WHILE SUPPLY LASTS.,C50-2500-0,"$1,299.00 "
ERG-24-390-026,e26a42e2-dfad-8ece-b726-528634849c5e,"WorkFit-A with suspended keyboard - Light duty option accommodates up to 20 LBS of computer equipment, monitors less than 27 inch diagonal.",24-390-026,$649.00 
ERG-45228-SL,e4411d82-ff9b-0d1d-20c6-528634ae5d66,MX Wall Mount Monitor Arm (Silver),45-228-026,$205.00 
ERG-97-544,e4952b77-b3ce-d41a-606b-5286343a00a6,Wire basket kit,97-544,$51.00 
ERG-97-563-057,e4a175ca-8097-001b-27eb-5d766881a4dc,Cable management kit (grey),,$34.00 
ERG-97-615,e54f3021-502b-1dca-733e-5286348da615,Tall-User Kit for WorkFit Dual,97-615,$50.00 
ERG-60-623,e5700506-f66e-78e1-2c5b-528634d7d24d,Neo-Flex Projector Ceiling mount- Includes universal projector interface bracket and ceiling plate.,60-623,$133.00 
ERG-97-783,e751817c-224a-fa95-f372-5492d1a07c8b,Dual Monitor & Handle Kit,97-783,$114.00 
ERG-45-475-026,e822d480-ff41-8379-2b60-5e4d522b73f7,,,$359.00 
ERG-97-566,e9b54b1d-324e-e478-4cbe-537675f1362a,Wall mount scanner holder,97-566,$16.00 
ERG-915-168-00,ea8d82c3-a5aa-407c-45d2-5c89369672ec,5-Digit electrical keypad assembly for locking drawer,915-168-00,$52.32 
ERG-45-243-026,eaca3965-3d3d-d3c2-d3df-528634ca5a78,"LX Wall Monitor Arm, polished aluminum",45-243-026,$265.00 
ERG-SV44-1112-1,eadfd109-9be9-0a44-dbd5-5e7e584af9a7,"StyleView Laptop Cart, LiFe Powered, 1 Drawer, scanner holder, KB/Mouse shelf.",SV44-1112-1,"$5,454.00 "
ERG-SV44-1342-1,eba8e5e7-5c3b-0189-e1ae-5492cf45465c,"StyleView Cart with LCD Pivot, LiFe Powered, 4 Drawers",SV44-1342-1,"$5,609.00 "
ERG-45-247-026,ec211671-c914-6390-c697-542f0218873d,"LX Wall Mount System with Universal CPU Holder, 34IN Wall Track, Cable Management, and Anchor Hardware.",45-247-026,$819.00 
ERG-97-858-026,ece59235-c6dd-3fdb-8c85-56f5a2c69325,"Sit-Stand Combo Extender, short - increases arm reach by 9IN (polished aluminum and black)",97-858-026,$195.00 
ERG-99-033-099,ef7d0770-93a9-bd0b-5279-5910ba6d53a9,Mouse Pouch (Light Grey) with adhesive backing to attach to most surfaces,99-033-099,$10.00 
ERG-06-008,ef8d81b2-b9b3-96dc-f90e-58d2b1df9853,"Replacement right front door for PowerShuttle Tablet Charging Cart, AC.",06-008,$55.00 
ERG-60-239-007,f180767b-4b44-e2ff-992a-52863468540b,FX30 Wall Mount with quick release lever for LCD monitors up to 30 lbs.,60-239-007,$48.00 
ERG-45-594-026,f1a9ae2b-1c4b-2d65-84d6-5fc7fb26cbae,"SV Combo System with Worksurface & Pan, Small CPU Holder, 34IN wall channel (aluminum and black finish)",45-594-026,"$1,035.00 "
